Dataset,Classes,Samples,Dimensions,Tropical Accuracy,Linear Accuracy,Tropical Time,Tropical #KM iterations,Linear Time,Num Monomials,Spectral Radius
Breast Cancer,2,569,30,0.8207576463282098,0.9666356155876417,0.013149738311767578,55.6,0.0008155345916748047,31.0,0.04335350958771045
Iris,3,150,4,0.6666666666666667,0.9266666666666667,0.0006311416625976562,13.4,0.00038471221923828123,5.0,0.38073295687673864
Wine,3,178,13,0.7422222222222222,0.9776190476190475,0.002133798599243164,32.6,0.0004938125610351562,14.0,0.31399247490000165
Waveform,3,5000,40,0.5014000000000001,0.867,0.15525989532470702,49.8,0.023830366134643555,41.0,1.1613928680623082
