Dataset,Classes,Samples,Dimensions,Tropical Accuracy,Linear Accuracy,Tropical Time,Tropical #KM iterations,Linear Time,Num Monomials,Spectral Radius
Breast Cancer,2,569,30,0.9208352740257725,0.9666356155876417,0.9711316585540771,746.8,0.0011507511138916016,168.0,-1.8835859947467157
Iris,3,150,4,0.9400000000000001,0.9266666666666667,0.10651240348815919,115.2,0.0005732536315917969,396.0,-0.9728212071678672
Wine,3,178,13,0.9268253968253968,0.9776190476190475,0.281998348236084,288.4,0.0005025386810302735,396.0,-7.5818782750371865
Waveform,3,5000,40,0.6418,0.867,27.564199018478394,999.0,0.024613428115844726,396.0,0.3130482751176487
