Dataset,Classes,Samples,Dimensions,Tropical Accuracy,Linear Accuracy,Tropical Time,Tropical #KM iterations,Linear Time,Num Monomials,Spectral Radius
Breast Cancer,2,569,30,0.9173265020959478,0.9666356155876417,0.5955431461334229,432.6,0.001648092269897461,168.0,-1.8111598480124145
Iris,3,150,4,0.9400000000000001,0.9266666666666667,0.10193824768066406,108.6,0.0005249977111816406,396.0,-0.9721376893635874
Wine,3,178,13,0.9325396825396824,0.9776190476190475,0.11470932960510254,113.6,0.0006302356719970703,396.0,-7.568931440688263
Waveform,3,5000,40,0.6436,0.867,9.330251169204711,319.8,0.03180122375488281,396.0,0.41974626254900615
