Dataset,Feature Selection,Classes,Samples,Dimensions,Tropical Accuracy,Tropical Std Dev,Linear Accuracy,Linear Std Dev,Tropical Time,Tropical #KM iterations,Linear Time,Num Monomials,Spectral Radius
Breast Cancer,,2,569,30,0.8207110697096723,0.02143416423055743,0.9666356155876417,0.012854115389141165,0.00857095718383789,32.6,0.0011667251586914063,31.0,0.04103160957452978
Iris,,3,150,4,0.6666666666666667,0.09189365834726815,0.9266666666666667,0.053333333333333316,0.0007419586181640625,11.2,0.0005408287048339844,5.0,0.3822054289056229
Wine,,3,178,13,0.7422222222222222,0.09718564261640408,0.9776190476190475,0.01119469694127331,0.0022075653076171877,25.0,0.0005914688110351563,14.0,0.3139626345068029
Waveform,,3,5000,40,0.49939999999999996,0.03111012696856123,0.867,0.013145341380123998,0.07588005065917969,23.0,0.029553031921386717,41.0,1.1591954053494966
Breast Cancer,4.0,2,569,30,0.9173265020959478,0.025529813092803385,0.9666356155876417,0.012854115389141165,0.5908809661865234,432.6,0.0019548416137695314,168.0,-1.8111598480124145
Iris,4.0,3,150,4,0.9400000000000001,0.038873012632301994,0.9266666666666667,0.053333333333333316,0.10186624526977539,108.6,0.0004174232482910156,396.0,-0.9721376893635874
Wine,4.0,3,178,13,0.9325396825396824,0.02912168543127745,0.9776190476190475,0.01119469694127331,0.1127772331237793,113.6,0.0004990577697753906,396.0,-7.568931440688263
Waveform,4.0,3,5000,40,0.6436,0.0171300904842911,0.867,0.013145341380123998,9.105909633636475,319.8,0.02133207321166992,396.0,0.41974626254900615
