Dataset,Feature Selection,Classes,Samples,Dimensions,Tropical Accuracy,Tropical Std Dev,Linear Accuracy,Linear Std Dev,Tropical Time,Tropical #KM iterations,Linear Time,Num Monomials,Spectral Radius
Breast Cancer,,2,569,30,0.8207110697096723,0.02143416423055743,0.9666356155876417,0.012854115389141165,0.008144950866699219,32.6,0.0008451938629150391,31.0,0.04103160957452978
Iris,,3,150,4,0.6666666666666667,0.09189365834726815,0.9266666666666667,0.053333333333333316,0.0006175518035888671,11.2,0.00042233467102050783,5.0,0.3822054289056229
Wine,,3,178,13,0.7422222222222222,0.09718564261640408,0.9776190476190475,0.01119469694127331,0.0018711566925048828,25.0,0.0005501270294189453,14.0,0.3139626345068029
Waveform,,3,5000,40,0.49939999999999996,0.03111012696856123,0.867,0.013145341380123998,0.07560973167419434,23.0,0.024573898315429686,41.0,1.1591954053494966
Breast Cancer,4.0,2,569,30,0.9173265020959478,0.025529813092803385,0.9666356155876417,0.012854115389141165,0.5955431461334229,432.6,0.001648092269897461,168.0,-1.8111598480124145
Iris,4.0,3,150,4,0.9400000000000001,0.038873012632301994,0.9266666666666667,0.053333333333333316,0.10193824768066406,108.6,0.0005249977111816406,396.0,-0.9721376893635874
Wine,4.0,3,178,13,0.9325396825396824,0.02912168543127745,0.9776190476190475,0.01119469694127331,0.11470932960510254,113.6,0.0006302356719970703,396.0,-7.568931440688263
Waveform,4.0,3,5000,40,0.6436,0.0171300904842911,0.867,0.013145341380123998,9.330251169204711,319.8,0.03180122375488281,396.0,0.41974626254900615
