Dataset,Feature Selection,Classes,Samples,Dimensions,Tropical Accuracy,Tropical Std Dev,Linear Accuracy,Linear Std Dev,Tropical Time,Tropical #KM iterations,Linear Time,Num Monomials,Spectral Radius
Breast Cancer,,2,569,30,0.8207576463282098,0.024420592862189602,0.9666356155876417,0.012854115389141165,0.013149738311767578,55.6,0.0008155345916748047,31.0,0.04335350958771045
Iris,,3,150,4,0.6666666666666667,0.09189365834726815,0.9266666666666667,0.053333333333333316,0.0006311416625976562,13.4,0.00038471221923828123,5.0,0.38073295687673864
Wine,,3,178,13,0.7422222222222222,0.09718564261640408,0.9776190476190475,0.01119469694127331,0.002133798599243164,32.6,0.0004938125610351562,14.0,0.31399247490000165
Waveform,,3,5000,40,0.5014000000000001,0.02677760258126185,0.867,0.013145341380123998,0.15525989532470702,49.8,0.023830366134643555,41.0,1.1613928680623082
Breast Cancer,4.0,2,569,30,0.9208352740257725,0.022621110659681854,0.9666356155876417,0.012854115389141165,0.9711316585540771,746.8,0.0011507511138916016,168.0,-1.8835859947467157
Iris,4.0,3,150,4,0.9400000000000001,0.038873012632301994,0.9266666666666667,0.053333333333333316,0.10651240348815919,115.2,0.0005732536315917969,396.0,-0.9728212071678672
Wine,4.0,3,178,13,0.9268253968253968,0.023113640189545908,0.9776190476190475,0.01119469694127331,0.281998348236084,288.4,0.0005025386810302735,396.0,-7.5818782750371865
Waveform,4.0,3,5000,40,0.6418,0.012936769303036996,0.867,0.013145341380123998,27.564199018478394,999.0,0.024613428115844726,396.0,0.3130482751176487
