Dataset,Feature Selection,Classes,Samples,Dimensions,Tropical Accuracy,Tropical Std Dev,Linear Accuracy,Linear Std Dev,Tropical Time,Tropical #KM iterations,Linear Time,Num Monomials,Spectral Radius
Breast Cancer,,2,569,30,0.8207576463282098,0.024420592862189602,0.9666356155876417,0.012854115389141165,0.051035737991333006,215.4,0.0008473873138427734,31.0,0.043245948490153195
Iris,,3,150,4,0.6666666666666667,0.09189365834726815,0.9266666666666667,0.053333333333333316,0.002477216720581055,49.6,0.0004390716552734375,5.0,0.3802593236507992
Wine,,3,178,13,0.7422222222222222,0.09718564261640408,0.9776190476190475,0.01119469694127331,0.007688760757446289,118.8,0.0005028724670410156,14.0,0.31397540629079385
Breast Cancer,4.0,2,569,30,0.9208352740257725,0.022621110659681854,0.9666356155876417,0.012854115389141165,1.12101469039917,851.4,0.0008908271789550781,168.0,-1.8850029426861739
Iris,4.0,3,150,4,0.9400000000000001,0.038873012632301994,0.9266666666666667,0.053333333333333316,0.1504347324371338,167.4,0.000469207763671875,396.0,-0.9728432702951888
Wine,4.0,3,178,13,0.9268253968253968,0.023113640189545908,0.9776190476190475,0.01119469694127331,0.4886312484741211,476.4,0.0005771636962890625,396.0,-7.581986247333157
