Dataset,Classes,Samples,Dimensions,Tropical Accuracy,Linear Accuracy,Tropical Time,Tropical #KM iterations,Linear Time,Num Monomials,Spectral Radius
Breast Cancer,2,569,30,0.8207110697096723,0.9666356155876417,0.008144950866699219,32.6,0.0008451938629150391,31.0,0.04103160957452978
Iris,3,150,4,0.6666666666666667,0.9266666666666667,0.0006175518035888671,11.2,0.00042233467102050783,5.0,0.3822054289056229
Wine,3,178,13,0.7422222222222222,0.9776190476190475,0.0018711566925048828,25.0,0.0005501270294189453,14.0,0.3139626345068029
Waveform,3,5000,40,0.49939999999999996,0.867,0.07560973167419434,23.0,0.024573898315429686,41.0,1.1591954053494966
