Dataset,Classes,Samples,Dimensions,Tropical Accuracy,Linear Accuracy,Tropical Time,Tropical #KM iterations,Linear Time,Num Monomials,Spectral Radius
Breast Cancer,2,569,30,0.9208352740257725,0.9666356155876417,1.12101469039917,851.4,0.0008908271789550781,168.0,-1.8850029426861739
Iris,3,150,4,0.9400000000000001,0.9266666666666667,0.1504347324371338,167.4,0.000469207763671875,396.0,-0.9728432702951888
Wine,3,178,13,0.9268253968253968,0.9776190476190475,0.4886312484741211,476.4,0.0005771636962890625,396.0,-7.581986247333157
