Dataset,Classes,Samples,Dimensions,Tropical Accuracy,Linear Accuracy,Tropical Time,Tropical #KM iterations,Linear Time,Num Monomials,Spectral Radius
Breast Cancer,2,569,30,0.8207576463282098,0.9666356155876417,0.051035737991333006,215.4,0.0008473873138427734,31.0,0.043245948490153195
Iris,3,150,4,0.6666666666666667,0.9266666666666667,0.002477216720581055,49.6,0.0004390716552734375,5.0,0.3802593236507992
Wine,3,178,13,0.7422222222222222,0.9776190476190475,0.007688760757446289,118.8,0.0005028724670410156,14.0,0.31397540629079385
